threat_id,category,severity,status,mode,flow_component,title,owasp_xref,first_seen,last_confirmed,resolved_date,notes
S-001,S,HIGH,open,local,"Browser→anvil-web: API key login","API key stored in plaintext file with no rotation mechanism",,2026-10-04,2026-10-04,,"anvil/api/api_key_store.py:144-145 — plaintext write to data/.api_key (0600); no rotation, no expiry"
S-002,S,HIGH,open,local,"All routes: auth middleware","Local mode implicit full-trust — AuthzContext is a no-op stub","A07-002",2026-10-04,2026-10-04,,"anvil/services/content/authz.py:39-42 — require_management_action() is pass; accepted risk per ADR-030 AD-14 / Part H H7"
S-003,S,HIGH,open,local,"Browser→anvil-web: SSE stream","SSE training stream has no run-ownership check","A01-005",2026-10-04,2026-10-04,,"anvil/api/v1/training.py:251-269 — stream_training() does not verify requesting session owns run_id; Part E E3 signed token not implemented"
S-004,S,MEDIUM,open,local,"anvil-web→MLflow: internal call","MLflow service identity not verified (no mTLS)","A05-001",2026-10-04,2026-10-04,,"anvil/supervisor/services.py:202-216 — MLflow on 127.0.0.1 but no shared secret or mTLS; Part E E1 Zone 3→3 crossing"
S-005,S,MEDIUM,open,SaaS,"Z1→Z3: Cognito callback","OAuth callback PKCE state/code_verifier validation not implemented",,2026-10-04,2026-10-04,,"No /callback route exists yet; pre-implementation gap for SaaS mode; Part A US1 / Part E E1 Zone 1→3 crossing"
T-001,T,HIGH,open,both,"Browser→anvil-web: regex replace","User-controlled regex compiled without ReDoS timeout","A04-008",2026-10-04,2026-10-04,,"anvil/services/datasets/dataset_curation.py:305 — re.compile(pattern, flags) with no timeout; catastrophic backtracking blocks event loop"
T-002,T,HIGH,open,local,"anvil-web→MLflow: experiment writes","MLflow --allowed-hosts ""*"" allows unauthenticated writes from any host","A05-001",2026-10-04,2026-10-04,,"anvil/supervisor/services.py:214-215 — --allowed-hosts ""*""; any host can write experiments/runs; Part B B2 D4"
T-003,T,HIGH,open,local,"LocalFileStore→disk: model weights","Model weight files loaded without hash/checksum verification",,2026-10-04,2026-10-04,,"anvil/_pyfunc_model.py:61 — load_file() with no hash check; tampered weights loaded silently; Part B B2 D5"
T-004,T,MEDIUM,open,local,"Browser→anvil-web: training start","compute_backend and device fields in TrainConfig accept arbitrary strings",,2026-10-04,2026-10-04,,"anvil/api/v1/training.py:110-114 — str|None with no Literal/Enum constraint; unexpected values trigger unintended code paths"
T-005,T,MEDIUM,open,local,"anvil-web→SQLite: job events","No DB-level append-only constraint on job_events table",,2026-10-04,2026-10-04,,"No SQLite trigger preventing UPDATE/DELETE on job_events; relies on app-level discipline; Part B US2a / Part C C1"
R-001,R,HIGH,open,both,"Browser→anvil-web: training lifecycle","Training start/stop has no audit record with actor identity",,2026-10-04,2026-10-04,,"anvil/api/v1/training.py:186-221 — no workbench.audit.record() call; AuditService exists but not wired to training endpoints"
R-002,R,HIGH,open,both,"Browser→anvil-web: corpus/model delete","Corpus delete, model delete, experiment delete have no audit record",,2026-10-04,2026-10-04,,"anvil/api/v1/corpora.py:311-348, anvil/api/v1/registry.py:506-575, anvil/api/v1/experiments.py:613 — no audit.record() calls"
R-003,R,HIGH,open,both,"Browser→anvil-web: all state-changing ops","Audit records that exist use actor=""system"" not the authenticated user identity",,2026-10-04,2026-10-04,,"anvil/api/v1/datasets.py:280, backup.py:53, config.py:211 — all pass actor=""system""; no request identity extraction"
R-004,R,MEDIUM,open,local,"anvil-web→MLflow: run creation","MLflow run creation carries no user/org identity tag","A10-001",2026-10-04,2026-10-04,,"anvil/services/tracking/tracking.py — create_run() does not set user_id or org_id tag; Part G G1 Layer 6 requirement"
R-005,R,MEDIUM,open,local,"anvil-web→disk: log files","Logging not configured in API lifespan — some entry points produce no structured logs","A09-001",2026-10-04,2026-10-04,,"anvil/api/app.py:103-114 — _setup_logging() in lifespan only; direct uvicorn invocation may skip it"
I-001,I,HIGH,open,both,"Browser←anvil-web: error responses","str(exc) in 36+ HTTPException details leaks internal paths and DB constraint names","A05-003",2026-10-04,2026-10-04,,"anvil/api/v1/backup.py:120, content.py:120, models.py:64 + 33 more — detail=str(exc) leaks filesystem paths and library errors"
I-002,I,HIGH,open,local,"anvil-web→disk: API key file","API key stored in data/.api_key (0600) — readable by any process running as same OS user",,2026-10-04,2026-10-04,,"anvil/api/api_key_store.py:144-145 — plaintext key on disk; same-user process can read; Part B B3 Credentials / Part H H4"
I-003,I,HIGH,open,local,"Browser←anvil-web: health/detailed","GET /v1/health/detailed returns version, DB schema version, MLflow port, GPU info","A05-002",2026-10-04,2026-10-04,,"anvil/api/v1/health_ops.py:96-154 — returns anvil_version, db schema, mlflow port, GPU details, str(exc) from probes"
I-004,I,MEDIUM,open,local,"anvil-web→MLflow: tracking URI","ANVIL_MLFLOW_URI is user-configurable with no host allowlist","A10-001",2026-10-04,2026-10-04,,"anvil/config.py — ANVIL_MLFLOW_URI env var; attacker controlling env can redirect tracking data; Part F F1 Egress"
I-005,I,MEDIUM,open,local,"Browser←anvil-web: CORS","CORS is opt-in via ANVIL_CORS_ORIGINS — no default deny-all policy","A01-007",2026-10-04,2026-10-04,,"anvil/api/app.py:485-493 — CORSMiddleware only added if env var set; default is no CORS policy"
D-001,D,HIGH,open,both,"Browser→anvil-web: training start","No per-user/session training job concurrency limit — unlimited parallel jobs",,2026-10-04,2026-10-04,,"anvil/api/v1/training.py:186-221 — no check on len(_tasks) before accepting new job; can exhaust RAM/GPU"
D-002,D,HIGH,open,both,"Browser→anvil-web: SSE stream","SSE event stream has no max-duration guard — connections held open indefinitely",,2026-10-04,2026-10-04,,"anvil/api/v1/training.py:292-310 — while True loop with 30s heartbeat; no max-duration; exhausts asyncio tasks"
D-003,D,HIGH,open,both,"Browser→anvil-web: file upload","No body-size limit on UploadFile endpoints (datasets, content, feedback)","A04-006,A04-007",2026-10-04,2026-10-04,,"anvil/api/v1/datasets.py:240, content.py:387, feedback.py:40 — UploadFile with no size check; disk/memory exhaustion"
D-004,D,MEDIUM,open,both,"Browser→anvil-web: regex replace","ReDoS via catastrophic backtracking in user-controlled regex","A04-008",2026-10-04,2026-10-04,,"anvil/services/datasets/dataset_curation.py:305 — re.compile() no timeout; blocks async event loop; cross-ref T-001"
D-005,D,MEDIUM,open,local,"In-process: rate limiter","Rate limiter is in-process (dict-based) — reset on restart, not shared across workers","A04-004",2026-10-04,2026-10-04,,"anvil/api/app.py:73 — defaultdict(list) in-process; lost on restart; N workers = N*100 effective limit"
E-001,E,HIGH,open,local,"All routes: AuthzContext","AuthzContext.require_management_action() is a no-op — no RBAC enforcement in local mode","A07-002",2026-10-04,2026-10-04,,"anvil/services/content/authz.py:39-42 — pass; accepted risk per ADR-030 AD-14; cross-ref S-002; Part H H2"
E-002,E,HIGH,open,both,"Browser→anvil-web: SSE stream","Any authenticated user can subscribe to any training run's SSE stream by guessing run_id","A01-005",2026-10-04,2026-10-04,,"anvil/api/v1/training.py:251-269 — sequential int run_id; no ownership check; Part G G3 SSE token scope mismatch → 401 not implemented"
E-003,E,LOW,open,local,"anvil-web→MLflow: proxy","MLflow reverse proxy (/v1/mlflow-proxy/) is CSRF-exempt — SPA calls bypass CSRF token check",,2026-10-04,2026-10-04,,"anvil/api/auth.py:261-267 — CSRF_EXEMPT_PREFIXES; compensating control: SameSite=Strict cookie; Part E E1 Zone 3"
